Building ID,Location,Address,Country,Region,Size,Floors,Purpose,Ownership,Age,Market Rate ($/sqft),Employee Capacity,Energy Target (kWh/sqft/yr),LEED Certified,Financial Data,Total Operating Expense (2024)
B001,New York,350 Fifth Avenue,USA,NA,285000,16,Office,Lease,8,85.0,1900,16.0,checked,"Unnamed record,Unnamed record,Unnamed record,Unnamed record,Unnamed record,Unnamed record,Unnamed record,Unnamed record,Unnamed record,Unnamed record,Unnamed record,Unnamed record,Unnamed record,Unnamed record,Unnamed record,Unnamed record,Unnamed record,Unnamed record,Unnamed record,Unnamed record,Unnamed record,Unnamed record,Unnamed record,Unnamed record,Unnamed record,Unnamed record,Unnamed record,Unnamed record,Unnamed record,Unnamed record,Unnamed record,Unnamed record,Unnamed record,Unnamed record,Unnamed record,Unnamed record,Unnamed record,Unnamed record,Unnamed record,Unnamed record,Unnamed record,Unnamed record,Unnamed record,Unnamed record,Unnamed record,Unnamed record,Unnamed record,Unnamed record,Unnamed record,Unnamed record,Unnamed record,Unnamed record,Unnamed record,Unnamed record,Unnamed record,Unnamed record,Unnamed record,Unnamed record,Unnamed record,Unnamed record,Unnamed record",269254
B002,San Francisco,525 Market Street,USA,NA,320000,18,R&D,Own,5,92.0,1600,20.0,checked,"Unnamed record,Unnamed record,Unnamed record,Unnamed record,Unnamed record,Unnamed record,Unnamed record,Unnamed record,Unnamed record,Unnamed record,Unnamed record,Unnamed record,Unnamed record,Unnamed record,Unnamed record,Unnamed record,Unnamed record,Unnamed record,Unnamed record,Unnamed record,Unnamed record,Unnamed record,Unnamed record,Unnamed record,Unnamed record,Unnamed record,Unnamed record,Unnamed record,Unnamed record,Unnamed record,Unnamed record,Unnamed record,Unnamed record,Unnamed record,Unnamed record,Unnamed record,Unnamed record,Unnamed record,Unnamed record,Unnamed record,Unnamed record,Unnamed record,Unnamed record,Unnamed record,Unnamed record,Unnamed record,Unnamed record,Unnamed record,Unnamed record,Unnamed record,Unnamed record,Unnamed record,Unnamed record,Unnamed record,Unnamed record,Unnamed record,Unnamed record,Unnamed record,Unnamed record,Unnamed record,Unnamed record",785563
B003,Chicago,233 South Wacker Drive,USA,NA,175000,10,Mixed Use,Lease,12,65.0,1000,18.0,,"Unnamed record,Unnamed record,Unnamed record,Unnamed record,Unnamed record,Unnamed record,Unnamed record,Unnamed record,Unnamed record,Unnamed record,Unnamed record,Unnamed record,Unnamed record,Unnamed record,Unnamed record,Unnamed record,Unnamed record,Unnamed record,Unnamed record,Unnamed record,Unnamed record,Unnamed record,Unnamed record,Unnamed record,Unnamed record,Unnamed record,Unnamed record,Unnamed record,Unnamed record,Unnamed record,Unnamed record,Unnamed record,Unnamed record,Unnamed record,Unnamed record,Unnamed record,Unnamed record,Unnamed record,Unnamed record,Unnamed record,Unnamed record,Unnamed record,Unnamed record,Unnamed record,Unnamed record,Unnamed record,Unnamed record,Unnamed record,Unnamed record,Unnamed record,Unnamed record,Unnamed record,Unnamed record,Unnamed record,Unnamed record,Unnamed record,Unnamed record,Unnamed record,Unnamed record,Unnamed record,Unnamed record",253390
B004,Boston,100 Federal Street,USA,NA,225000,12,Office,Lease,15,75.0,1500,16.0,checked,"Unnamed record,Unnamed record,Unnamed record,Unnamed record,Unnamed record,Unnamed record,Unnamed record,Unnamed record,Unnamed record,Unnamed record,Unnamed record,Unnamed record,Unnamed record,Unnamed record,Unnamed record,Unnamed record,Unnamed record,Unnamed record,Unnamed record,Unnamed record,Unnamed record,Unnamed record,Unnamed record,Unnamed record,Unnamed record,Unnamed record,Unnamed record,Unnamed record,Unnamed record,Unnamed record,Unnamed record,Unnamed record,Unnamed record,Unnamed record,Unnamed record,Unnamed record,Unnamed record,Unnamed record,Unnamed record,Unnamed record,Unnamed record,Unnamed record,Unnamed record,Unnamed record,Unnamed record,Unnamed record,Unnamed record,Unnamed record,Unnamed record,Unnamed record,Unnamed record,Unnamed record,Unnamed record,Unnamed record,Unnamed record,Unnamed record,Unnamed record,Unnamed record,Unnamed record,Unnamed record,Unnamed record",406421
B005,Seattle,1201 Third Avenue,USA,NA,195000,11,Data Center,Own,3,70.0,390,50.0,checked,"Unnamed record,Unnamed record,Unnamed record,Unnamed record,Unnamed record,Unnamed record,Unnamed record,Unnamed record,Unnamed record,Unnamed record,Unnamed record,Unnamed record,Unnamed record,Unnamed record,Unnamed record,Unnamed record,Unnamed record,Unnamed record,Unnamed record,Unnamed record,Unnamed record,Unnamed record,Unnamed record,Unnamed record,Unnamed record,Unnamed record,Unnamed record,Unnamed record,Unnamed record,Unnamed record,Unnamed record,Unnamed record,Unnamed record,Unnamed record,Unnamed record,Unnamed record,Unnamed record,Unnamed record,Unnamed record,Unnamed record,Unnamed record,Unnamed record,Unnamed record,Unnamed record,Unnamed record,Unnamed record,Unnamed record,Unnamed record,Unnamed record,Unnamed record,Unnamed record,Unnamed record,Unnamed record,Unnamed record,Unnamed record,Unnamed record,Unnamed record,Unnamed record,Unnamed record,Unnamed record,Unnamed record",743475
B006,New York,11 Times Square,USA,NA,450000,25,Office,Lease,7,85.0,3000,16.0,checked,"Unnamed record,Unnamed record,Unnamed record,Unnamed record,Unnamed record,Unnamed record,Unnamed record,Unnamed record,Unnamed record,Unnamed record,Unnamed record,Unnamed record,Unnamed record,Unnamed record,Unnamed record,Unnamed record,Unnamed record,Unnamed record,Unnamed record,Unnamed record,Unnamed record,Unnamed record,Unnamed record,Unnamed record,Unnamed record,Unnamed record,Unnamed record,Unnamed record,Unnamed record,Unnamed record,Unnamed record,Unnamed record,Unnamed record,Unnamed record,Unnamed record,Unnamed record,Unnamed record,Unnamed record,Unnamed record,Unnamed record,Unnamed record,Unnamed record,Unnamed record,Unnamed record,Unnamed record,Unnamed record,Unnamed record,Unnamed record,Unnamed record,Unnamed record,Unnamed record,Unnamed record,Unnamed record,Unnamed record,Unnamed record,Unnamed record,Unnamed record,Unnamed record,Unnamed record,Unnamed record,Unnamed record",262095
B007,San Francisco,101 California Street,USA,NA,380000,20,R&D,Own,4,92.0,1900,20.0,checked,"Unnamed record,Unnamed record,Unnamed record,Unnamed record,Unnamed record,Unnamed record,Unnamed record,Unnamed record,Unnamed record,Unnamed record,Unnamed record,Unnamed record,Unnamed record,Unnamed record,Unnamed record,Unnamed record,Unnamed record,Unnamed record,Unnamed record,Unnamed record,Unnamed record,Unnamed record,Unnamed record,Unnamed record,Unnamed record,Unnamed record,Unnamed record,Unnamed record,Unnamed record,Unnamed record,Unnamed record,Unnamed record,Unnamed record,Unnamed record,Unnamed record,Unnamed record,Unnamed record,Unnamed record,Unnamed record,Unnamed record,Unnamed record,Unnamed record,Unnamed record,Unnamed record,Unnamed record,Unnamed record,Unnamed record,Unnamed record,Unnamed record,Unnamed record,Unnamed record,Unnamed record,Unnamed record,Unnamed record,Unnamed record,Unnamed record,Unnamed record,Unnamed record,Unnamed record,Unnamed record,Unnamed record",487899
B008,Toronto,200 Bay Street,Canada,NA,165000,9,Mixed Use,Lease,18,70.0,943,18.0,,"Unnamed record,Unnamed record,Unnamed record,Unnamed record,Unnamed record,Unnamed record,Unnamed record,Unnamed record,Unnamed record,Unnamed record,Unnamed record,Unnamed record,Unnamed record,Unnamed record,Unnamed record,Unnamed record,Unnamed record,Unnamed record,Unnamed record,Unnamed record,Unnamed record,Unnamed record,Unnamed record,Unnamed record,Unnamed record,Unnamed record,Unnamed record,Unnamed record,Unnamed record,Unnamed record,Unnamed record,Unnamed record,Unnamed record,Unnamed record,Unnamed record,Unnamed record,Unnamed record,Unnamed record,Unnamed record,Unnamed record,Unnamed record,Unnamed record,Unnamed record,Unnamed record,Unnamed record,Unnamed record,Unnamed record,Unnamed record,Unnamed record,Unnamed record,Unnamed record,Unnamed record,Unnamed record,Unnamed record,Unnamed record,Unnamed record,Unnamed record,Unnamed record,Unnamed record,Unnamed record,Unnamed record",770410
B009,Vancouver,1055 Dunsmuir Street,Canada,NA,275000,15,Retail,Own,10,65.0,688,22.0,checked,"Unnamed record,Unnamed record,Unnamed record,Unnamed record,Unnamed record,Unnamed record,Unnamed record,Unnamed record,Unnamed record,Unnamed record,Unnamed record,Unnamed record,Unnamed record,Unnamed record,Unnamed record,Unnamed record,Unnamed record,Unnamed record,Unnamed record,Unnamed record,Unnamed record,Unnamed record,Unnamed record,Unnamed record,Unnamed record,Unnamed record,Unnamed record,Unnamed record,Unnamed record,Unnamed record,Unnamed record,Unnamed record,Unnamed record,Unnamed record,Unnamed record,Unnamed record,Unnamed record,Unnamed record,Unnamed record,Unnamed record,Unnamed record,Unnamed record,Unnamed record,Unnamed record,Unnamed record,Unnamed record,Unnamed record,Unnamed record,Unnamed record,Unnamed record,Unnamed record,Unnamed record,Unnamed record,Unnamed record,Unnamed record,Unnamed record,Unnamed record,Unnamed record,Unnamed record,Unnamed record,Unnamed record",768540
B010,Montreal,1981 McGill College Avenue,Canada,NA,185000,10,Office,Lease,6,60.0,1233,16.0,checked,"Unnamed record,Unnamed record,Unnamed record,Unnamed record,Unnamed record,Unnamed record,Unnamed record,Unnamed record,Unnamed record,Unnamed record,Unnamed record,Unnamed record,Unnamed record,Unnamed record,Unnamed record,Unnamed record,Unnamed record,Unnamed record,Unnamed record,Unnamed record,Unnamed record,Unnamed record,Unnamed record,Unnamed record,Unnamed record,Unnamed record,Unnamed record,Unnamed record,Unnamed record,Unnamed record,Unnamed record,Unnamed record,Unnamed record,Unnamed record,Unnamed record,Unnamed record,Unnamed record,Unnamed record,Unnamed record,Unnamed record,Unnamed record,Unnamed record,Unnamed record,Unnamed record,Unnamed record,Unnamed record,Unnamed record,Unnamed record,Unnamed record,Unnamed record,Unnamed record,Unnamed record,Unnamed record,Unnamed record,Unnamed record,Unnamed record,Unnamed record,Unnamed record,Unnamed record,Unnamed record,Unnamed record",274439
B011,Chicago,401 North Michigan Avenue,USA,NA,420000,23,Retail,Lease,9,65.0,1050,22.0,checked,"Unnamed record,Unnamed record,Unnamed record,Unnamed record,Unnamed record,Unnamed record,Unnamed record,Unnamed record,Unnamed record,Unnamed record,Unnamed record,Unnamed record,Unnamed record,Unnamed record,Unnamed record,Unnamed record,Unnamed record,Unnamed record,Unnamed record,Unnamed record,Unnamed record,Unnamed record,Unnamed record,Unnamed record,Unnamed record,Unnamed record,Unnamed record,Unnamed record,Unnamed record,Unnamed record,Unnamed record,Unnamed record,Unnamed record,Unnamed record,Unnamed record,Unnamed record,Unnamed record,Unnamed record,Unnamed record,Unnamed record,Unnamed record,Unnamed record,Unnamed record,Unnamed record,Unnamed record,Unnamed record,Unnamed record,Unnamed record,Unnamed record,Unnamed record,Unnamed record,Unnamed record,Unnamed record,Unnamed record,Unnamed record,Unnamed record,Unnamed record,Unnamed record,Unnamed record,Unnamed record,Unnamed record",271204
B012,San Francisco,555 Mission Street,USA,NA,290000,16,R&D,Own,7,92.0,1450,20.0,,"Unnamed record,Unnamed record,Unnamed record,Unnamed record,Unnamed record,Unnamed record,Unnamed record,Unnamed record,Unnamed record,Unnamed record,Unnamed record,Unnamed record,Unnamed record,Unnamed record,Unnamed record,Unnamed record,Unnamed record,Unnamed record,Unnamed record,Unnamed record,Unnamed record,Unnamed record,Unnamed record,Unnamed record,Unnamed record,Unnamed record,Unnamed record,Unnamed record,Unnamed record,Unnamed record,Unnamed record,Unnamed record,Unnamed record,Unnamed record,Unnamed record,Unnamed record,Unnamed record,Unnamed record,Unnamed record,Unnamed record,Unnamed record,Unnamed record,Unnamed record,Unnamed record,Unnamed record,Unnamed record,Unnamed record,Unnamed record,Unnamed record,Unnamed record,Unnamed record,Unnamed record,Unnamed record,Unnamed record,Unnamed record,Unnamed record,Unnamed record,Unnamed record,Unnamed record,Unnamed record,Unnamed record",261046
B013,Toronto,40 King Street West,Canada,NA,155000,9,Mixed Use,Lease,20,70.0,886,18.0,,"Unnamed record,Unnamed record,Unnamed record,Unnamed record,Unnamed record,Unnamed record,Unnamed record,Unnamed record,Unnamed record,Unnamed record,Unnamed record,Unnamed record,Unnamed record,Unnamed record,Unnamed record,Unnamed record,Unnamed record,Unnamed record,Unnamed record,Unnamed record,Unnamed record,Unnamed record,Unnamed record,Unnamed record,Unnamed record,Unnamed record,Unnamed record,Unnamed record,Unnamed record,Unnamed record,Unnamed record,Unnamed record,Unnamed record,Unnamed record,Unnamed record,Unnamed record,Unnamed record,Unnamed record,Unnamed record,Unnamed record,Unnamed record,Unnamed record,Unnamed record,Unnamed record,Unnamed record,Unnamed record,Unnamed record,Unnamed record,Unnamed record,Unnamed record,Unnamed record,Unnamed record,Unnamed record,Unnamed record,Unnamed record,Unnamed record,Unnamed record,Unnamed record,Unnamed record,Unnamed record,Unnamed record",267504
B014,Boston,125 High Street,USA,NA,245000,14,Office,Own,11,75.0,1633,16.0,checked,"Unnamed record,Unnamed record,Unnamed record,Unnamed record,Unnamed record,Unnamed record,Unnamed record,Unnamed record,Unnamed record,Unnamed record,Unnamed record,Unnamed record,Unnamed record,Unnamed record,Unnamed record,Unnamed record,Unnamed record,Unnamed record,Unnamed record,Unnamed record,Unnamed record,Unnamed record,Unnamed record,Unnamed record,Unnamed record,Unnamed record,Unnamed record,Unnamed record,Unnamed record,Unnamed record,Unnamed record,Unnamed record,Unnamed record,Unnamed record,Unnamed record,Unnamed record,Unnamed record,Unnamed record,Unnamed record,Unnamed record,Unnamed record,Unnamed record,Unnamed record,Unnamed record,Unnamed record,Unnamed record,Unnamed record,Unnamed record,Unnamed record,Unnamed record,Unnamed record,Unnamed record,Unnamed record,Unnamed record,Unnamed record,Unnamed record,Unnamed record,Unnamed record,Unnamed record,Unnamed record,Unnamed record",705486
B015,Seattle,800 Fifth Avenue,USA,NA,175000,10,Data Center,Lease,4,70.0,350,50.0,checked,"Unnamed record,Unnamed record,Unnamed record,Unnamed record,Unnamed record,Unnamed record,Unnamed record,Unnamed record,Unnamed record,Unnamed record,Unnamed record,Unnamed record,Unnamed record,Unnamed record,Unnamed record,Unnamed record,Unnamed record,Unnamed record,Unnamed record,Unnamed record,Unnamed record,Unnamed record,Unnamed record,Unnamed record,Unnamed record,Unnamed record,Unnamed record,Unnamed record,Unnamed record,Unnamed record,Unnamed record,Unnamed record,Unnamed record,Unnamed record,Unnamed record,Unnamed record,Unnamed record,Unnamed record,Unnamed record,Unnamed record,Unnamed record,Unnamed record,Unnamed record,Unnamed record,Unnamed record,Unnamed record,Unnamed record,Unnamed record,Unnamed record,Unnamed record,Unnamed record,Unnamed record,Unnamed record,Unnamed record,Unnamed record,Unnamed record,Unnamed record,Unnamed record,Unnamed record,Unnamed record,Unnamed record",748322
B016,Vancouver,1040 West Georgia Street,Canada,NA,395000,22,Retail,Lease,6,65.0,988,22.0,checked,"Unnamed record,Unnamed record,Unnamed record,Unnamed record,Unnamed record,Unnamed record,Unnamed record,Unnamed record,Unnamed record,Unnamed record,Unnamed record,Unnamed record,Unnamed record,Unnamed record,Unnamed record,Unnamed record,Unnamed record,Unnamed record,Unnamed record,Unnamed record,Unnamed record,Unnamed record,Unnamed record,Unnamed record,Unnamed record,Unnamed record,Unnamed record,Unnamed record,Unnamed record,Unnamed record,Unnamed record,Unnamed record,Unnamed record,Unnamed record,Unnamed record,Unnamed record,Unnamed record,Unnamed record,Unnamed record,Unnamed record,Unnamed record,Unnamed record,Unnamed record,Unnamed record,Unnamed record,Unnamed record,Unnamed record,Unnamed record,Unnamed record,Unnamed record,Unnamed record,Unnamed record,Unnamed record,Unnamed record,Unnamed record,Unnamed record,Unnamed record,Unnamed record,Unnamed record,Unnamed record,Unnamed record",265622
B017,Montreal,1250 René-Lévesque Boulevard,Canada,NA,310000,17,Mixed Use,Own,8,60.0,1771,18.0,,"Unnamed record,Unnamed record,Unnamed record,Unnamed record,Unnamed record,Unnamed record,Unnamed record,Unnamed record,Unnamed record,Unnamed record,Unnamed record,Unnamed record,Unnamed record,Unnamed record,Unnamed record,Unnamed record,Unnamed record,Unnamed record,Unnamed record,Unnamed record,Unnamed record,Unnamed record,Unnamed record,Unnamed record,Unnamed record,Unnamed record,Unnamed record,Unnamed record,Unnamed record,Unnamed record,Unnamed record,Unnamed record,Unnamed record,Unnamed record,Unnamed record,Unnamed record,Unnamed record,Unnamed record,Unnamed record,Unnamed record,Unnamed record,Unnamed record,Unnamed record,Unnamed record,Unnamed record,Unnamed record,Unnamed record,Unnamed record,Unnamed record,Unnamed record,Unnamed record,Unnamed record,Unnamed record,Unnamed record,Unnamed record,Unnamed record,Unnamed record,Unnamed record,Unnamed record,Unnamed record,Unnamed record",268114
B018,London,20 Fenchurch Street,UK,EMEA,425000,23,Office,Lease,5,95.0,2833,16.0,checked,"Unnamed record,Unnamed record,Unnamed record,Unnamed record,Unnamed record,Unnamed record,Unnamed record,Unnamed record,Unnamed record,Unnamed record,Unnamed record,Unnamed record,Unnamed record,Unnamed record,Unnamed record,Unnamed record,Unnamed record,Unnamed record,Unnamed record,Unnamed record,Unnamed record,Unnamed record,Unnamed record,Unnamed record,Unnamed record,Unnamed record,Unnamed record,Unnamed record,Unnamed record,Unnamed record,Unnamed record,Unnamed record,Unnamed record,Unnamed record,Unnamed record,Unnamed record,Unnamed record,Unnamed record,Unnamed record,Unnamed record,Unnamed record,Unnamed record,Unnamed record,Unnamed record,Unnamed record,Unnamed record,Unnamed record,Unnamed record,Unnamed record,Unnamed record,Unnamed record,Unnamed record,Unnamed record,Unnamed record,Unnamed record,Unnamed record,Unnamed record,Unnamed record,Unnamed record,Unnamed record,Unnamed record",549228
B019,Frankfurt,Mainzer Landstraße 100,Germany,EMEA,280000,16,Mixed Use,Own,12,75.0,1600,18.0,,"Unnamed record,Unnamed record,Unnamed record,Unnamed record,Unnamed record,Unnamed record,Unnamed record,Unnamed record,Unnamed record,Unnamed record,Unnamed record,Unnamed record,Unnamed record,Unnamed record,Unnamed record,Unnamed record,Unnamed record,Unnamed record,Unnamed record,Unnamed record,Unnamed record,Unnamed record,Unnamed record,Unnamed record,Unnamed record,Unnamed record,Unnamed record,Unnamed record,Unnamed record,Unnamed record,Unnamed record,Unnamed record,Unnamed record,Unnamed record,Unnamed record,Unnamed record,Unnamed record,Unnamed record,Unnamed record,Unnamed record,Unnamed record,Unnamed record,Unnamed record,Unnamed record,Unnamed record,Unnamed record,Unnamed record,Unnamed record,Unnamed record,Unnamed record,Unnamed record,Unnamed record,Unnamed record,Unnamed record,Unnamed record,Unnamed record,Unnamed record,Unnamed record,Unnamed record,Unnamed record,Unnamed record",277719
B020,Paris,1 Avenue des Champs-Élysées,France,EMEA,315000,18,R&D,Lease,9,85.0,1575,20.0,checked,"Unnamed record,Unnamed record,Unnamed record,Unnamed record,Unnamed record,Unnamed record,Unnamed record,Unnamed record,Unnamed record,Unnamed record,Unnamed record,Unnamed record,Unnamed record,Unnamed record,Unnamed record,Unnamed record,Unnamed record,Unnamed record,Unnamed record,Unnamed record,Unnamed record,Unnamed record,Unnamed record,Unnamed record,Unnamed record,Unnamed record,Unnamed record,Unnamed record,Unnamed record,Unnamed record,Unnamed record,Unnamed record,Unnamed record,Unnamed record,Unnamed record,Unnamed record,Unnamed record,Unnamed record,Unnamed record,Unnamed record,Unnamed record,Unnamed record,Unnamed record,Unnamed record,Unnamed record,Unnamed record,Unnamed record,Unnamed record,Unnamed record,Unnamed record,Unnamed record,Unnamed record,Unnamed record,Unnamed record,Unnamed record,Unnamed record,Unnamed record,Unnamed record,Unnamed record,Unnamed record,Unnamed record",501343
B021,Madrid,Paseo de la Castellana 200,Spain,EMEA,195000,11,Data Center,Own,4,70.0,390,50.0,checked,"Unnamed record,Unnamed record,Unnamed record,Unnamed record,Unnamed record,Unnamed record,Unnamed record,Unnamed record,Unnamed record,Unnamed record,Unnamed record,Unnamed record,Unnamed record,Unnamed record,Unnamed record,Unnamed record,Unnamed record,Unnamed record,Unnamed record,Unnamed record,Unnamed record,Unnamed record,Unnamed record,Unnamed record,Unnamed record,Unnamed record,Unnamed record,Unnamed record,Unnamed record,Unnamed record,Unnamed record,Unnamed record,Unnamed record,Unnamed record,Unnamed record,Unnamed record,Unnamed record,Unnamed record,Unnamed record,Unnamed record,Unnamed record,Unnamed record,Unnamed record,Unnamed record,Unnamed record,Unnamed record,Unnamed record,Unnamed record,Unnamed record,Unnamed record,Unnamed record,Unnamed record,Unnamed record,Unnamed record,Unnamed record,Unnamed record,Unnamed record,Unnamed record,Unnamed record,Unnamed record,Unnamed record",263237
B022,London,25 Churchill Place,UK,EMEA,385000,21,Office,Lease,7,95.0,2567,16.0,checked,"Unnamed record,Unnamed record,Unnamed record,Unnamed record,Unnamed record,Unnamed record,Unnamed record,Unnamed record,Unnamed record,Unnamed record,Unnamed record,Unnamed record,Unnamed record,Unnamed record,Unnamed record,Unnamed record,Unnamed record,Unnamed record,Unnamed record,Unnamed record,Unnamed record,Unnamed record,Unnamed record,Unnamed record,Unnamed record,Unnamed record,Unnamed record,Unnamed record,Unnamed record,Unnamed record,Unnamed record,Unnamed record,Unnamed record,Unnamed record,Unnamed record,Unnamed record,Unnamed record,Unnamed record,Unnamed record,Unnamed record,Unnamed record,Unnamed record,Unnamed record,Unnamed record,Unnamed record,Unnamed record,Unnamed record,Unnamed record,Unnamed record,Unnamed record,Unnamed record,Unnamed record,Unnamed record,Unnamed record,Unnamed record,Unnamed record,Unnamed record,Unnamed record,Unnamed record,Unnamed record,Unnamed record",264580
B023,Frankfurt,Neue Mainzer Straße 52,Germany,EMEA,265000,15,Mixed Use,Own,14,75.0,1514,18.0,,"Unnamed record,Unnamed record,Unnamed record,Unnamed record,Unnamed record,Unnamed record,Unnamed record,Unnamed record,Unnamed record,Unnamed record,Unnamed record,Unnamed record,Unnamed record,Unnamed record,Unnamed record,Unnamed record,Unnamed record,Unnamed record,Unnamed record,Unnamed record,Unnamed record,Unnamed record,Unnamed record,Unnamed record,Unnamed record,Unnamed record,Unnamed record,Unnamed record,Unnamed record,Unnamed record,Unnamed record,Unnamed record,Unnamed record,Unnamed record,Unnamed record,Unnamed record,Unnamed record,Unnamed record,Unnamed record,Unnamed record,Unnamed record,Unnamed record,Unnamed record,Unnamed record,Unnamed record,Unnamed record,Unnamed record,Unnamed record,Unnamed record,Unnamed record,Unnamed record,Unnamed record,Unnamed record,Unnamed record,Unnamed record,Unnamed record,Unnamed record,Unnamed record,Unnamed record,Unnamed record,Unnamed record",250283
B024,Barcelona,Avinguda Diagonal 640,Spain,EMEA,295000,17,Retail,Lease,8,65.0,738,22.0,checked,"Unnamed record,Unnamed record,Unnamed record,Unnamed record,Unnamed record,Unnamed record,Unnamed record,Unnamed record,Unnamed record,Unnamed record,Unnamed record,Unnamed record,Unnamed record,Unnamed record,Unnamed record,Unnamed record,Unnamed record,Unnamed record,Unnamed record,Unnamed record,Unnamed record,Unnamed record,Unnamed record,Unnamed record,Unnamed record,Unnamed record,Unnamed record,Unnamed record,Unnamed record,Unnamed record,Unnamed record,Unnamed record,Unnamed record,Unnamed record,Unnamed record,Unnamed record,Unnamed record,Unnamed record,Unnamed record,Unnamed record,Unnamed record,Unnamed record,Unnamed record,Unnamed record,Unnamed record,Unnamed record,Unnamed record,Unnamed record,Unnamed record,Unnamed record,Unnamed record,Unnamed record,Unnamed record,Unnamed record,Unnamed record,Unnamed record,Unnamed record,Unnamed record,Unnamed record,Unnamed record,Unnamed record",696366
B025,Amsterdam,Gustav Mahlerlaan 10,Netherlands,EMEA,180000,10,Data Center,Own,5,70.0,360,50.0,checked,"Unnamed record,Unnamed record,Unnamed record,Unnamed record,Unnamed record,Unnamed record,Unnamed record,Unnamed record,Unnamed record,Unnamed record,Unnamed record,Unnamed record,Unnamed record,Unnamed record,Unnamed record,Unnamed record,Unnamed record,Unnamed record,Unnamed record,Unnamed record,Unnamed record,Unnamed record,Unnamed record,Unnamed record,Unnamed record,Unnamed record,Unnamed record,Unnamed record,Unnamed record,Unnamed record,Unnamed record,Unnamed record,Unnamed record,Unnamed record,Unnamed record,Unnamed record,Unnamed record,Unnamed record,Unnamed record,Unnamed record,Unnamed record,Unnamed record,Unnamed record,Unnamed record,Unnamed record,Unnamed record,Unnamed record,Unnamed record,Unnamed record,Unnamed record,Unnamed record,Unnamed record,Unnamed record,Unnamed record,Unnamed record,Unnamed record,Unnamed record,Unnamed record,Unnamed record,Unnamed record,Unnamed record",272198
B026,London,One Canada Square,UK,EMEA,405000,22,Office,Lease,6,95.0,2700,16.0,checked,"Unnamed record,Unnamed record,Unnamed record,Unnamed record,Unnamed record,Unnamed record,Unnamed record,Unnamed record,Unnamed record,Unnamed record,Unnamed record,Unnamed record,Unnamed record,Unnamed record,Unnamed record,Unnamed record,Unnamed record,Unnamed record,Unnamed record,Unnamed record,Unnamed record,Unnamed record,Unnamed record,Unnamed record,Unnamed record,Unnamed record,Unnamed record,Unnamed record,Unnamed record,Unnamed record,Unnamed record,Unnamed record,Unnamed record,Unnamed record,Unnamed record,Unnamed record,Unnamed record,Unnamed record,Unnamed record,Unnamed record,Unnamed record,Unnamed record,Unnamed record,Unnamed record,Unnamed record,Unnamed record,Unnamed record,Unnamed record,Unnamed record,Unnamed record,Unnamed record,Unnamed record,Unnamed record,Unnamed record,Unnamed record,Unnamed record,Unnamed record,Unnamed record,Unnamed record,Unnamed record,Unnamed record",573679
B027,Madrid,Calle de Alcalá 500,Spain,EMEA,275000,15,Mixed Use,Own,11,70.0,1571,18.0,,"Unnamed record,Unnamed record,Unnamed record,Unnamed record,Unnamed record,Unnamed record,Unnamed record,Unnamed record,Unnamed record,Unnamed record,Unnamed record,Unnamed record,Unnamed record,Unnamed record,Unnamed record,Unnamed record,Unnamed record,Unnamed record,Unnamed record,Unnamed record,Unnamed record,Unnamed record,Unnamed record,Unnamed record,Unnamed record,Unnamed record,Unnamed record,Unnamed record,Unnamed record,Unnamed record,Unnamed record,Unnamed record,Unnamed record,Unnamed record,Unnamed record,Unnamed record,Unnamed record,Unnamed record,Unnamed record,Unnamed record,Unnamed record,Unnamed record,Unnamed record,Unnamed record,Unnamed record,Unnamed record,Unnamed record,Unnamed record,Unnamed record,Unnamed record,Unnamed record,Unnamed record,Unnamed record,Unnamed record,Unnamed record,Unnamed record,Unnamed record,Unnamed record,Unnamed record,Unnamed record,Unnamed record",699662
B028,Paris,Tour First - 1 Place des Saisons,France,EMEA,305000,17,R&D,Lease,10,85.0,1525,20.0,checked,"Unnamed record,Unnamed record,Unnamed record,Unnamed record,Unnamed record,Unnamed record,Unnamed record,Unnamed record,Unnamed record,Unnamed record,Unnamed record,Unnamed record,Unnamed record,Unnamed record,Unnamed record,Unnamed record,Unnamed record,Unnamed record,Unnamed record,Unnamed record,Unnamed record,Unnamed record,Unnamed record,Unnamed record,Unnamed record,Unnamed record,Unnamed record,Unnamed record,Unnamed record,Unnamed record,Unnamed record,Unnamed record,Unnamed record,Unnamed record,Unnamed record,Unnamed record,Unnamed record,Unnamed record,Unnamed record,Unnamed record,Unnamed record,Unnamed record,Unnamed record,Unnamed record,Unnamed record,Unnamed record,Unnamed record,Unnamed record,Unnamed record,Unnamed record,Unnamed record,Unnamed record,Unnamed record,Unnamed record,Unnamed record,Unnamed record,Unnamed record,Unnamed record,Unnamed record,Unnamed record,Unnamed record",243249
B029,Barcelona,Plaça Catalunya 123,Spain,EMEA,185000,10,Retail,Own,3,65.0,463,22.0,checked,"Unnamed record,Unnamed record,Unnamed record,Unnamed record,Unnamed record,Unnamed record,Unnamed record,Unnamed record,Unnamed record,Unnamed record,Unnamed record,Unnamed record,Unnamed record,Unnamed record,Unnamed record,Unnamed record,Unnamed record,Unnamed record,Unnamed record,Unnamed record,Unnamed record,Unnamed record,Unnamed record,Unnamed record,Unnamed record,Unnamed record,Unnamed record,Unnamed record,Unnamed record,Unnamed record,Unnamed record,Unnamed record,Unnamed record,Unnamed record,Unnamed record,Unnamed record,Unnamed record,Unnamed record,Unnamed record,Unnamed record,Unnamed record,Unnamed record,Unnamed record,Unnamed record,Unnamed record,Unnamed record,Unnamed record,Unnamed record,Unnamed record,Unnamed record,Unnamed record,Unnamed record,Unnamed record,Unnamed record,Unnamed record,Unnamed record,Unnamed record,Unnamed record,Unnamed record,Unnamed record,Unnamed record",662843
B030,Amsterdam,Claude Debussylaan 80,Netherlands,EMEA,395000,22,Office,Lease,8,70.0,2633,16.0,checked,"Unnamed record,Unnamed record,Unnamed record,Unnamed record,Unnamed record,Unnamed record,Unnamed record,Unnamed record,Unnamed record,Unnamed record,Unnamed record,Unnamed record,Unnamed record,Unnamed record,Unnamed record,Unnamed record,Unnamed record,Unnamed record,Unnamed record,Unnamed record,Unnamed record,Unnamed record,Unnamed record,Unnamed record,Unnamed record,Unnamed record,Unnamed record,Unnamed record,Unnamed record,Unnamed record,Unnamed record,Unnamed record,Unnamed record,Unnamed record,Unnamed record,Unnamed record,Unnamed record,Unnamed record,Unnamed record,Unnamed record,Unnamed record,Unnamed record,Unnamed record,Unnamed record,Unnamed record,Unnamed record,Unnamed record,Unnamed record,Unnamed record,Unnamed record,Unnamed record,Unnamed record,Unnamed record,Unnamed record,Unnamed record,Unnamed record,Unnamed record,Unnamed record,Unnamed record,Unnamed record,Unnamed record",575161
B031,Frankfurt,Taunusanlage 12,Germany,EMEA,255000,14,Mixed Use,Own,13,75.0,1457,18.0,,"Unnamed record,Unnamed record,Unnamed record,Unnamed record,Unnamed record,Unnamed record,Unnamed record,Unnamed record,Unnamed record,Unnamed record,Unnamed record,Unnamed record,Unnamed record,Unnamed record,Unnamed record,Unnamed record,Unnamed record,Unnamed record,Unnamed record,Unnamed record,Unnamed record,Unnamed record,Unnamed record,Unnamed record,Unnamed record,Unnamed record,Unnamed record,Unnamed record,Unnamed record,Unnamed record,Unnamed record,Unnamed record,Unnamed record,Unnamed record,Unnamed record,Unnamed record,Unnamed record,Unnamed record,Unnamed record,Unnamed record,Unnamed record,Unnamed record,Unnamed record,Unnamed record,Unnamed record,Unnamed record,Unnamed record,Unnamed record,Unnamed record,Unnamed record,Unnamed record,Unnamed record,Unnamed record,Unnamed record,Unnamed record,Unnamed record,Unnamed record,Unnamed record,Unnamed record,Unnamed record,Unnamed record",252546
B032,Paris,Tour Majunga - 6 Place de la Pyramide,France,EMEA,285000,16,R&D,Lease,7,85.0,1425,20.0,checked,"Unnamed record,Unnamed record,Unnamed record,Unnamed record,Unnamed record,Unnamed record,Unnamed record,Unnamed record,Unnamed record,Unnamed record,Unnamed record,Unnamed record,Unnamed record,Unnamed record,Unnamed record,Unnamed record,Unnamed record,Unnamed record,Unnamed record,Unnamed record,Unnamed record,Unnamed record,Unnamed record,Unnamed record,Unnamed record,Unnamed record,Unnamed record,Unnamed record,Unnamed record,Unnamed record,Unnamed record,Unnamed record,Unnamed record,Unnamed record,Unnamed record,Unnamed record,Unnamed record,Unnamed record,Unnamed record,Unnamed record,Unnamed record,Unnamed record,Unnamed record,Unnamed record,Unnamed record,Unnamed record,Unnamed record,Unnamed record,Unnamed record,Unnamed record,Unnamed record,Unnamed record,Unnamed record,Unnamed record,Unnamed record,Unnamed record,Unnamed record,Unnamed record,Unnamed record,Unnamed record,Unnamed record",671082
B033,Singapore,10 Marina Boulevard,Singapore,APAC,365000,20,Office,Lease,5,88.0,2433,16.0,checked,"Unnamed record,Unnamed record,Unnamed record,Unnamed record,Unnamed record,Unnamed record,Unnamed record,Unnamed record,Unnamed record,Unnamed record,Unnamed record,Unnamed record,Unnamed record,Unnamed record,Unnamed record,Unnamed record,Unnamed record,Unnamed record,Unnamed record,Unnamed record,Unnamed record,Unnamed record,Unnamed record,Unnamed record,Unnamed record,Unnamed record,Unnamed record,Unnamed record,Unnamed record,Unnamed record,Unnamed record,Unnamed record,Unnamed record,Unnamed record,Unnamed record,Unnamed record,Unnamed record,Unnamed record,Unnamed record,Unnamed record,Unnamed record,Unnamed record,Unnamed record,Unnamed record,Unnamed record,Unnamed record,Unnamed record,Unnamed record,Unnamed record,Unnamed record,Unnamed record,Unnamed record,Unnamed record,Unnamed record,Unnamed record,Unnamed record,Unnamed record,Unnamed record,Unnamed record,Unnamed record,Unnamed record",253406
B034,Mumbai,G Block BKC,India,APAC,295000,16,Mixed Use,Own,9,60.0,1686,18.0,,"Unnamed record,Unnamed record,Unnamed record,Unnamed record,Unnamed record,Unnamed record,Unnamed record,Unnamed record,Unnamed record,Unnamed record,Unnamed record,Unnamed record,Unnamed record,Unnamed record,Unnamed record,Unnamed record,Unnamed record,Unnamed record,Unnamed record,Unnamed record,Unnamed record,Unnamed record,Unnamed record,Unnamed record,Unnamed record,Unnamed record,Unnamed record,Unnamed record,Unnamed record,Unnamed record,Unnamed record,Unnamed record,Unnamed record,Unnamed record,Unnamed record,Unnamed record,Unnamed record,Unnamed record,Unnamed record,Unnamed record,Unnamed record,Unnamed record,Unnamed record,Unnamed record,Unnamed record,Unnamed record,Unnamed record,Unnamed record,Unnamed record,Unnamed record,Unnamed record,Unnamed record,Unnamed record,Unnamed record,Unnamed record,Unnamed record,Unnamed record,Unnamed record,Unnamed record,Unnamed record,Unnamed record",288266
B035,Tokyo,2-4-1 Marunouchi,Japan,APAC,245000,14,R&D,Lease,11,100.0,1225,20.0,checked,"Unnamed record,Unnamed record,Unnamed record,Unnamed record,Unnamed record,Unnamed record,Unnamed record,Unnamed record,Unnamed record,Unnamed record,Unnamed record,Unnamed record,Unnamed record,Unnamed record,Unnamed record,Unnamed record,Unnamed record,Unnamed record,Unnamed record,Unnamed record,Unnamed record,Unnamed record,Unnamed record,Unnamed record,Unnamed record,Unnamed record,Unnamed record,Unnamed record,Unnamed record,Unnamed record,Unnamed record,Unnamed record,Unnamed record,Unnamed record,Unnamed record,Unnamed record,Unnamed record,Unnamed record,Unnamed record,Unnamed record,Unnamed record,Unnamed record,Unnamed record,Unnamed record,Unnamed record,Unnamed record,Unnamed record,Unnamed record,Unnamed record,Unnamed record,Unnamed record,Unnamed record,Unnamed record,Unnamed record,Unnamed record,Unnamed record,Unnamed record,Unnamed record,Unnamed record,Unnamed record,Unnamed record",523145
B036,Hong Kong,8 Finance Street,China,APAC,175000,10,Data Center,Own,4,95.0,350,50.0,checked,"Unnamed record,Unnamed record,Unnamed record,Unnamed record,Unnamed record,Unnamed record,Unnamed record,Unnamed record,Unnamed record,Unnamed record,Unnamed record,Unnamed record,Unnamed record,Unnamed record,Unnamed record,Unnamed record,Unnamed record,Unnamed record,Unnamed record,Unnamed record,Unnamed record,Unnamed record,Unnamed record,Unnamed record,Unnamed record,Unnamed record,Unnamed record,Unnamed record,Unnamed record,Unnamed record,Unnamed record,Unnamed record,Unnamed record,Unnamed record,Unnamed record,Unnamed record,Unnamed record,Unnamed record,Unnamed record,Unnamed record,Unnamed record,Unnamed record,Unnamed record,Unnamed record,Unnamed record,Unnamed record,Unnamed record,Unnamed record,Unnamed record,Unnamed record,Unnamed record,Unnamed record,Unnamed record,Unnamed record,Unnamed record,Unnamed record,Unnamed record,Unnamed record,Unnamed record,Unnamed record,Unnamed record",802730
B037,Bangalore,1 Palace Road,India,APAC,345000,19,Office,Lease,6,55.0,2300,16.0,checked,"Unnamed record,Unnamed record,Unnamed record,Unnamed record,Unnamed record,Unnamed record,Unnamed record,Unnamed record,Unnamed record,Unnamed record,Unnamed record,Unnamed record,Unnamed record,Unnamed record,Unnamed record,Unnamed record,Unnamed record,Unnamed record,Unnamed record,Unnamed record,Unnamed record,Unnamed record,Unnamed record,Unnamed record,Unnamed record,Unnamed record,Unnamed record,Unnamed record,Unnamed record,Unnamed record,Unnamed record,Unnamed record,Unnamed record,Unnamed record,Unnamed record,Unnamed record,Unnamed record,Unnamed record,Unnamed record,Unnamed record,Unnamed record,Unnamed record,Unnamed record,Unnamed record,Unnamed record,Unnamed record,Unnamed record,Unnamed record,Unnamed record,Unnamed record,Unnamed record,Unnamed record,Unnamed record,Unnamed record,Unnamed record,Unnamed record,Unnamed record,Unnamed record,Unnamed record,Unnamed record,Unnamed record",251404
B038,Sydney,100 Barangaroo Avenue,Australia,APAC,275000,15,Mixed Use,Own,8,82.0,1571,18.0,,"Unnamed record,Unnamed record,Unnamed record,Unnamed record,Unnamed record,Unnamed record,Unnamed record,Unnamed record,Unnamed record,Unnamed record,Unnamed record,Unnamed record,Unnamed record,Unnamed record,Unnamed record,Unnamed record,Unnamed record,Unnamed record,Unnamed record,Unnamed record,Unnamed record,Unnamed record,Unnamed record,Unnamed record,Unnamed record,Unnamed record,Unnamed record,Unnamed record,Unnamed record,Unnamed record,Unnamed record,Unnamed record,Unnamed record,Unnamed record,Unnamed record,Unnamed record,Unnamed record,Unnamed record,Unnamed record,Unnamed record,Unnamed record,Unnamed record,Unnamed record,Unnamed record,Unnamed record,Unnamed record,Unnamed record,Unnamed record,Unnamed record,Unnamed record,Unnamed record,Unnamed record,Unnamed record,Unnamed record,Unnamed record,Unnamed record,Unnamed record,Unnamed record,Unnamed record,Unnamed record,Unnamed record",842395
B039,Delhi,DLF Cyber City Phase 3,India,APAC,235000,13,Retail,Lease,12,58.0,588,22.0,checked,"Unnamed record,Unnamed record,Unnamed record,Unnamed record,Unnamed record,Unnamed record,Unnamed record,Unnamed record,Unnamed record,Unnamed record,Unnamed record,Unnamed record,Unnamed record,Unnamed record,Unnamed record,Unnamed record,Unnamed record,Unnamed record,Unnamed record,Unnamed record,Unnamed record,Unnamed record,Unnamed record,Unnamed record,Unnamed record,Unnamed record,Unnamed record,Unnamed record,Unnamed record,Unnamed record,Unnamed record,Unnamed record,Unnamed record,Unnamed record,Unnamed record,Unnamed record,Unnamed record,Unnamed record,Unnamed record,Unnamed record,Unnamed record,Unnamed record,Unnamed record,Unnamed record,Unnamed record,Unnamed record,Unnamed record,Unnamed record,Unnamed record,Unnamed record,Unnamed record,Unnamed record,Unnamed record,Unnamed record,Unnamed record,Unnamed record,Unnamed record,Unnamed record,Unnamed record,Unnamed record,Unnamed record",270254
B040,Singapore,10 Collyer Quay,Singapore,APAC,165000,9,Data Center,Own,3,88.0,330,50.0,checked,"Unnamed record,Unnamed record,Unnamed record,Unnamed record,Unnamed record,Unnamed record,Unnamed record,Unnamed record,Unnamed record,Unnamed record,Unnamed record,Unnamed record,Unnamed record,Unnamed record,Unnamed record,Unnamed record,Unnamed record,Unnamed record,Unnamed record,Unnamed record,Unnamed record,Unnamed record,Unnamed record,Unnamed record,Unnamed record,Unnamed record,Unnamed record,Unnamed record,Unnamed record,Unnamed record,Unnamed record,Unnamed record,Unnamed record,Unnamed record,Unnamed record,Unnamed record,Unnamed record,Unnamed record,Unnamed record,Unnamed record,Unnamed record,Unnamed record,Unnamed record,Unnamed record,Unnamed record,Unnamed record,Unnamed record,Unnamed record,Unnamed record,Unnamed record,Unnamed record,Unnamed record,Unnamed record,Unnamed record,Unnamed record,Unnamed record,Unnamed record,Unnamed record,Unnamed record,Unnamed record,Unnamed record",854759
B041,Mumbai,Cuffe Parade,India,APAC,355000,19,Office,Lease,7,60.0,2367,16.0,checked,"Unnamed record,Unnamed record,Unnamed record,Unnamed record,Unnamed record,Unnamed record,Unnamed record,Unnamed record,Unnamed record,Unnamed record,Unnamed record,Unnamed record,Unnamed record,Unnamed record,Unnamed record,Unnamed record,Unnamed record,Unnamed record,Unnamed record,Unnamed record,Unnamed record,Unnamed record,Unnamed record,Unnamed record,Unnamed record,Unnamed record,Unnamed record,Unnamed record,Unnamed record,Unnamed record,Unnamed record,Unnamed record,Unnamed record,Unnamed record,Unnamed record,Unnamed record,Unnamed record,Unnamed record,Unnamed record,Unnamed record,Unnamed record,Unnamed record,Unnamed record,Unnamed record,Unnamed record,Unnamed record,Unnamed record,Unnamed record,Unnamed record,Unnamed record,Unnamed record,Unnamed record,Unnamed record,Unnamed record,Unnamed record,Unnamed record,Unnamed record,Unnamed record,Unnamed record,Unnamed record,Unnamed record",538111
B042,Tokyo,5-1-5 Otemachi,Japan,APAC,285000,16,Mixed Use,Own,10,100.0,1629,18.0,,"Unnamed record,Unnamed record,Unnamed record,Unnamed record,Unnamed record,Unnamed record,Unnamed record,Unnamed record,Unnamed record,Unnamed record,Unnamed record,Unnamed record,Unnamed record,Unnamed record,Unnamed record,Unnamed record,Unnamed record,Unnamed record,Unnamed record,Unnamed record,Unnamed record,Unnamed record,Unnamed record,Unnamed record,Unnamed record,Unnamed record,Unnamed record,Unnamed record,Unnamed record,Unnamed record,Unnamed record,Unnamed record,Unnamed record,Unnamed record,Unnamed record,Unnamed record,Unnamed record,Unnamed record,Unnamed record,Unnamed record,Unnamed record,Unnamed record,Unnamed record,Unnamed record,Unnamed record,Unnamed record,Unnamed record,Unnamed record,Unnamed record,Unnamed record,Unnamed record,Unnamed record,Unnamed record,Unnamed record,Unnamed record,Unnamed record,Unnamed record,Unnamed record,Unnamed record,Unnamed record,Unnamed record",281774
B043,Sydney,126 Phillip Street,Australia,APAC,225000,12,R&D,Lease,13,82.0,1125,20.0,checked,"Unnamed record,Unnamed record,Unnamed record,Unnamed record,Unnamed record,Unnamed record,Unnamed record,Unnamed record,Unnamed record,Unnamed record,Unnamed record,Unnamed record,Unnamed record,Unnamed record,Unnamed record,Unnamed record,Unnamed record,Unnamed record,Unnamed record,Unnamed record,Unnamed record,Unnamed record,Unnamed record,Unnamed record,Unnamed record,Unnamed record,Unnamed record,Unnamed record,Unnamed record,Unnamed record,Unnamed record,Unnamed record,Unnamed record,Unnamed record,Unnamed record,Unnamed record,Unnamed record,Unnamed record,Unnamed record,Unnamed record,Unnamed record,Unnamed record,Unnamed record,Unnamed record,Unnamed record,Unnamed record,Unnamed record,Unnamed record,Unnamed record,Unnamed record,Unnamed record,Unnamed record,Unnamed record,Unnamed record,Unnamed record,Unnamed record,Unnamed record,Unnamed record,Unnamed record,Unnamed record,Unnamed record",269165